lfdn;v_3;v_4;v_16;v_24;v_25
30;7;Software-intensive embedded systems;No;Rather agile;Very good
33;5;Software-intensive embedded systems;Yes;Plan-driven;Very good
35;130;Business information systems;No;Rather agile;Good
41;4;Business information systems;No;Hybrid;neutral
48;25;Software-intensive embedded systems;Yes;Plan-driven;Good
56;7;Software-intensive embedded systems;Yes;Agile;Good
58;40;Business information systems;Yes;Hybrid;Bad
75;185;Business information systems;Yes;Rather agile;Very good
76;10;Business information systems;No;Hybrid;neutral
79;8;Hybrid of both software-intensive embedded systems and business information systems;Yes;Agile;Very good
81;50;Hybrid of both software-intensive embedded systems and business information systems;Yes;Rather agile;Good
82;40;Other (please specify);Yes;0;neutral
84;100;Business information systems;Yes;Agile;Very good
91;70;Business information systems;Yes;Hybrid;Good
93;12;Software-intensive embedded systems;No;Hybrid;neutral
97;30;Business information systems;Yes;Hybrid;Good
102;20;Hybrid of both software-intensive embedded systems and business information systems;I don't know;Hybrid;neutral
106;12;Hybrid of both software-intensive embedded systems and business information systems;No;Rather plan-driven;Good
114;50;Software-intensive embedded systems;Yes;Plan-driven;Good
115;5;Hybrid of both software-intensive embedded systems and business information systems;No;Rather agile;Good
118;20;Other (please specify);No;Rather plan-driven;neutral
119;50;Other (please specify);No;Plan-driven;Bad
120;15;Software-intensive embedded systems;Yes;Rather plan-driven;neutral
126;50;Software-intensive embedded systems;I don't know;Rather agile;neutral
129;20;Software-intensive embedded systems;Yes;Agile;Very good
137;40;Software-intensive embedded systems;No;Hybrid;Good
141;15;Hybrid of both software-intensive embedded systems and business information systems;Yes;Rather plan-driven;Good
144;6;Hybrid of both software-intensive embedded systems and business information systems;Yes;Agile;Very good
146;8;Hybrid of both software-intensive embedded systems and business information systems;No;Rather agile;neutral
147;20;Hybrid of both software-intensive embedded systems and business information systems;Yes;Hybrid;neutral
149;100;Hybrid of both software-intensive embedded systems and business information systems;Yes;Rather plan-driven;neutral
150;8;Business information systems;No;Rather plan-driven;neutral
160;10;Business information systems;No;Rather agile;Good
162;15;Hybrid of both software-intensive embedded systems and business information systems;No;Rather agile;Bad
163;25;Other (please specify);No;Rather plan-driven;neutral
165;100;Hybrid of both software-intensive embedded systems and business information systems;Yes;Rather plan-driven;Good
166;5;Business information systems;Yes;Plan-driven;neutral
167;15;Software-intensive embedded systems;Yes;Rather agile;Good
168;3;Business information systems;No;Plan-driven;neutral
170;6;Other (please specify);No;Agile;neutral
178;12;Business information systems;Yes;Hybrid;Good
179;10;Business information systems;No;Rather plan-driven;Good
180;6;Business information systems;No;Rather plan-driven;neutral
182;4;Hybrid of both software-intensive embedded systems and business information systems;No;Rather plan-driven;Very good
183;8;Other (please specify);Yes;Hybrid;Good
184;5;Business information systems;Yes;Rather agile;0
188;7;Hybrid of both software-intensive embedded systems and business information systems;Yes;Hybrid;neutral
197;100;Hybrid of both software-intensive embedded systems and business information systems;Yes;Plan-driven;neutral
199;14;Software-intensive embedded systems;No;Rather plan-driven;Good
203;;Software-intensive embedded systems;Yes;0;Bad
205;6;Other (please specify);No;Hybrid;neutral
207;4;Business information systems;Yes;Agile;neutral
208;25;Hybrid of both software-intensive embedded systems and business information systems;Yes;Hybrid;Good
210;16;Software-intensive embedded systems;Yes;Hybrid;Very good
213;10;Business information systems;Yes;Hybrid;Good
215;25;Business information systems;Yes;Agile;Good
217;4;Business information systems;No;0;Good
221;35;Software-intensive embedded systems;Yes;Hybrid;Good
230;20;Software-intensive embedded systems;Yes;Hybrid;neutral
231;100;Business information systems;Yes;Rather agile;neutral
239;1500;Business information systems;Yes;Rather agile;Very good
249;3;Other (please specify);No;Plan-driven;Very good
258;10;Business information systems;Yes;Hybrid;neutral
259;4;Business information systems;No;Rather agile;Good
263;60;Hybrid of both software-intensive embedded systems and business information systems;Yes;Rather plan-driven;neutral
267;8;Hybrid of both software-intensive embedded systems and business information systems;Yes;Hybrid;Good
268;50;Software-intensive embedded systems;No;Rather plan-driven;neutral
278;100;Business information systems;Yes;Plan-driven;Good
283;60;Software-intensive embedded systems;Yes;Hybrid;Very good
291;30;Software-intensive embedded systems;No;Rather agile;neutral
292;60;Hybrid of both software-intensive embedded systems and business information systems;Yes;Rather agile;Very good
295;35;Other (please specify);No;Hybrid;neutral
297;25;Software-intensive embedded systems;No;Hybrid;neutral
304;50;Hybrid of both software-intensive embedded systems and business information systems;Yes;Rather plan-driven;Good
310;8;Other (please specify);No;Rather agile;neutral
313;10;Software-intensive embedded systems;No;Agile;Good
315;15;Software-intensive embedded systems;Yes;Rather agile;Very good
317;7;Business information systems;Yes;Rather agile;Good
330;35;Business information systems;No;Agile;Good
332;5;Software-intensive embedded systems;No;Hybrid;Good
334;1;Business information systems;No;Plan-driven;neutral
341;8;Business information systems;No;Hybrid;Very good
349;4;Software-intensive embedded systems;Yes;Hybrid;neutral
355;50;Software-intensive embedded systems;No;Hybrid;neutral
359;60;Business information systems;No;0;Good
364;25;Hybrid of both software-intensive embedded systems and business information systems;Yes;Rather agile;neutral
365;25;Business information systems;No;Rather agile;Good
370;25;Hybrid of both software-intensive embedded systems and business information systems;Yes;Plan-driven;Good
372;70;Business information systems;Yes;Plan-driven;Very good
377;;Business information systems;Yes;Hybrid;Good
378;15;Hybrid of both software-intensive embedded systems and business information systems;Yes;Hybrid;neutral
384;70;Software-intensive embedded systems;Yes;Plan-driven;neutral
387;15;Business information systems;No;Rather plan-driven;Good
393;150;Business information systems;Yes;Plan-driven;Good
409;10;Hybrid of both software-intensive embedded systems and business information systems;Yes;Rather agile;Good
412;15;Software-intensive embedded systems;No;Rather agile;Very good
416;6;Software-intensive embedded systems;No;Hybrid;Very good
420;10;Hybrid of both software-intensive embedded systems and business information systems;No;Hybrid;neutral
425;30;Business information systems;I don't know;Rather agile;Good
427;70;Business information systems;Yes;Agile;neutral
429;25;Software-intensive embedded systems;No;Rather agile;neutral
437;130;Hybrid of both software-intensive embedded systems and business information systems;No;Hybrid;Very good
442;15;Software-intensive embedded systems;Yes;Rather plan-driven;Good
444;10;Software-intensive embedded systems;No;Rather plan-driven;Good
446;40;Business information systems;Yes;Rather plan-driven;Very good
453;6;Business information systems;No;Hybrid;Good
454;30;Hybrid of both software-intensive embedded systems and business information systems;Yes;Hybrid;neutral
461;12;Business information systems;Yes;Plan-driven;Good
466;7;Hybrid of both software-intensive embedded systems and business information systems;Yes;Rather agile;Very good
467;3;Software-intensive embedded systems;No;Hybrid;Good
468;4;Business information systems;No;Rather agile;Good
475;10;Software-intensive embedded systems;No;Hybrid;neutral
479;10;Software-intensive embedded systems;Yes;Rather agile;Good
482;40;Software-intensive embedded systems;Yes;Rather agile;Good
485;50;Software-intensive embedded systems;Yes;Hybrid;Good
489;40;Business information systems;No;Hybrid;Good
496;35;Business information systems;Yes;Rather agile;Bad
502;5;Business information systems;Yes;Agile;Very good
506;30;Software-intensive embedded systems;Yes;Rather plan-driven;Good
507;10;Hybrid of both software-intensive embedded systems and business information systems;No;Agile;neutral
511;12;Business information systems;Yes;Rather plan-driven;Good
512;6;Hybrid of both software-intensive embedded systems and business information systems;No;Rather agile;neutral
518;3;Business information systems;No;Rather plan-driven;Good
523;5;Business information systems;No;Hybrid;Bad
524;30;Software-intensive embedded systems;No;Hybrid;Good
525;5;Business information systems;Yes;Rather plan-driven;Good
531;20;Hybrid of both software-intensive embedded systems and business information systems;Yes;Rather plan-driven;Good
534;20;Software-intensive embedded systems;Yes;0;Good
539;50;Software-intensive embedded systems;Yes;Rather plan-driven;Very good
541;34;Business information systems;I don't know;Plan-driven;Very good
545;50;Business information systems;Yes;Hybrid;neutral
548;12;Business information systems;Yes;Agile;Very good
549;10;Software-intensive embedded systems;Yes;Rather agile;Good
559;6;Business information systems;I don't know;0;0
560;30;Software-intensive embedded systems;Yes;Rather agile;neutral
564;4;Software-intensive embedded systems;Yes;Rather agile;neutral
569;25;Business information systems;No;Rather plan-driven;Very good
570;50;Software-intensive embedded systems;Yes;Rather agile;Good
572;500;Software-intensive embedded systems;I don't know;Hybrid;Very good
573;30;Business information systems;Yes;Rather agile;Good
575;4;Hybrid of both software-intensive embedded systems and business information systems;I don't know;0;0
586;20;Hybrid of both software-intensive embedded systems and business information systems;Yes;Hybrid;Good
590;20;Business information systems;No;Rather agile;Very good
593;3;Business information systems;No;Rather agile;Good
626;10;Hybrid of both software-intensive embedded systems and business information systems;Yes;Rather agile;Good
634;4;Software-intensive embedded systems;No;Hybrid;neutral
637;20;Business information systems;Yes;Rather plan-driven;Good
640;5;Hybrid of both software-intensive embedded systems and business information systems;No;Plan-driven;Good
649;10;Software-intensive embedded systems;No;Hybrid;Very good
661;10;Software-intensive embedded systems;No;Hybrid;Good
663;40;Hybrid of both software-intensive embedded systems and business information systems;No;Hybrid;Very good
676;5;Hybrid of both software-intensive embedded systems and business information systems;Yes;Agile;Good
683;5;Software-intensive embedded systems;No;Rather plan-driven;Good
684;7;Other (please specify);Yes;Rather agile;Very good
694;2;Hybrid of both software-intensive embedded systems and business information systems;Yes;Rather agile;Very good
695;50;Software-intensive embedded systems;Yes;Rather agile;Very good
710;30;Business information systems;Yes;Hybrid;Good
711;8;Hybrid of both software-intensive embedded systems and business information systems;No;Hybrid;neutral
719;10;Hybrid of both software-intensive embedded systems and business information systems;Yes;Rather agile;Good
722;20;Business information systems;Yes;Rather plan-driven;Good
723;5;Hybrid of both software-intensive embedded systems and business information systems;No;Rather agile;Very good
728;8;Hybrid of both software-intensive embedded systems and business information systems;Yes;Rather plan-driven;Good
729;10;Software-intensive embedded systems;Yes;Hybrid;Very good
730;5;Business information systems;No;Rather plan-driven;neutral
735;4;Business information systems;Yes;Agile;Good
740;5;Business information systems;Yes;Agile;Good
742;20;Business information systems;Yes;Rather plan-driven;Good
750;5;Hybrid of both software-intensive embedded systems and business information systems;Yes;Rather plan-driven;0
753;15;Hybrid of both software-intensive embedded systems and business information systems;I don't know;Hybrid;Good
754;20;Software-intensive embedded systems;Yes;Agile;Good
758;16;Software-intensive embedded systems;Yes;Hybrid;Good
765;10;Software-intensive embedded systems;No;Plan-driven;Very good
768;10;Hybrid of both software-intensive embedded systems and business information systems;Yes;Plan-driven;neutral
774;8;Business information systems;No;Rather agile;Good
785;2;Software-intensive embedded systems;No;Rather agile;Good
786;10;Software-intensive embedded systems;Yes;Rather plan-driven;Very good
795;10;Business information systems;No;Rather plan-driven;Very bad
809;4;Business information systems;Yes;Agile;neutral
814;10;Hybrid of both software-intensive embedded systems and business information systems;Yes;Hybrid;0
818;30;Hybrid of both software-intensive embedded systems and business information systems;No;Rather plan-driven;Good
819;12;Business information systems;No;Hybrid;Good
825;5;Business information systems;Yes;Rather plan-driven;Good
830;40;Software-intensive embedded systems;No;Plan-driven;Very good
831;25;Business information systems;No;Hybrid;neutral
837;10;Business information systems;Yes;Rather agile;neutral
839;33;Hybrid of both software-intensive embedded systems and business information systems;Yes;Rather agile;Very good
845;10;Hybrid of both software-intensive embedded systems and business information systems;Yes;Rather plan-driven;neutral
847;10;Business information systems;Yes;Plan-driven;Bad
849;5;Business information systems;No;Agile;neutral
851;45;Hybrid of both software-intensive embedded systems and business information systems;No;Rather plan-driven;0
856;10;Business information systems;No;Rather plan-driven;Good
857;3;Business information systems;No;Rather agile;Very good
862;10;Business information systems;No;Hybrid;Good
864;8;Business information systems;No;Hybrid;Good
865;3;Business information systems;No;Rather agile;Very good
868;7;Business information systems;Yes;Agile;Good
870;5;Hybrid of both software-intensive embedded systems and business information systems;No;0;Good
876;9;Business information systems;No;Hybrid;Good
879;20;Business information systems;No;Hybrid;Very good
880;15;Business information systems;Yes;Hybrid;Good
884;10;Business information systems;No;Hybrid;Good
887;12;Software-intensive embedded systems;No;Hybrid;Very bad
889;20;Hybrid of both software-intensive embedded systems and business information systems;No;Hybrid;Good
894;7;Hybrid of both software-intensive embedded systems and business information systems;No;Hybrid;neutral
896;10;Other (please specify);No;Agile;Very good
898;13;Business information systems;Yes;Plan-driven;Good
900;6;Business information systems;No;Hybrid;Good
901;50;Business information systems;No;Hybrid;Good
909;8;Business information systems;Yes;Hybrid;Good
910;6;Business information systems;No;Plan-driven;Very good
912;17;Business information systems;Yes;Hybrid;Good
916;8;Business information systems;Yes;Hybrid;Good
917;10;Business information systems;No;Hybrid;Good
918;3;Business information systems;No;Agile;neutral
921;12;Business information systems;No;Agile;Good
923;12;Other (please specify);No;Agile;neutral
924;8;Business information systems;No;Hybrid;Good
926;45;Software-intensive embedded systems;Yes;Agile;Good
928;50;Business information systems;Yes;Plan-driven;Very good
929;100;Business information systems;Yes;Rather agile;Good
930;12;Business information systems;No;Rather plan-driven;Good
931;12;Hybrid of both software-intensive embedded systems and business information systems;No;Hybrid;Very good
932;20;Hybrid of both software-intensive embedded systems and business information systems;No;Hybrid;Good
933;13;Hybrid of both software-intensive embedded systems and business information systems;No;Hybrid;Good
937;10;Hybrid of both software-intensive embedded systems and business information systems;Yes;Agile;Good
945;10;Business information systems;No;Plan-driven;Good
947;11;Business information systems;No;Hybrid;Good
948;5;Business information systems;No;Hybrid;Good
952;170;Other (please specify);Yes;Hybrid;Very good
955;120;Hybrid of both software-intensive embedded systems and business information systems;Yes;Hybrid;Good
956;20;Other (please specify);No;Rather plan-driven;Very good
957;50;Other (please specify);Yes;Plan-driven;Good
958;6;Hybrid of both software-intensive embedded systems and business information systems;No;Rather agile;Good
959;6;Business information systems;No;Rather agile;Good
960;200;Software-intensive embedded systems;Yes;Rather plan-driven;Good
962;12;Software-intensive embedded systems;Yes;Hybrid;Very good
967;60;Software-intensive embedded systems;Yes;Rather agile;Good
968;22;Hybrid of both software-intensive embedded systems and business information systems;Yes;Rather plan-driven;Very good
980;5;Hybrid of both software-intensive embedded systems and business information systems;Yes;Rather agile;neutral
984;10;Hybrid of both software-intensive embedded systems and business information systems;No;Rather agile;Good
985;5;Software-intensive embedded systems;No;Rather agile;neutral
987;4;Business information systems;No;Rather agile;Good
990;5;Business information systems;No;Agile;Good
997;10;Software-intensive embedded systems;Yes;Hybrid;neutral
1006;15;Business information systems;No;Agile;Good
1008;15;Software-intensive embedded systems;Yes;Agile;Very good
1009;6;Business information systems;No;Rather agile;Bad
1010;15;Software-intensive embedded systems;Yes;Rather plan-driven;Good
1011;4;Hybrid of both software-intensive embedded systems and business information systems;No;Hybrid;Very good
1012;15;Software-intensive embedded systems;No;Rather agile;neutral
1013;5;Business information systems;Yes;Agile;neutral
1014;4;Software-intensive embedded systems;Yes;Hybrid;Good
1017;300;Other (please specify);Yes;Rather agile;neutral
1021;4;Hybrid of both software-intensive embedded systems and business information systems;Yes;Hybrid;Good
1028;50;Hybrid of both software-intensive embedded systems and business information systems;Yes;Hybrid;Good
1031;10;Hybrid of both software-intensive embedded systems and business information systems;No;Rather plan-driven;neutral
1033;15;Business information systems;No;Agile;Very good
1035;6;Business information systems;No;Rather plan-driven;Good
1039;12;Business information systems;Yes;Agile;Good
1051;50;Business information systems;Yes;Rather agile;Good
1055;4;Hybrid of both software-intensive embedded systems and business information systems;No;Agile;Very good
1056;6;Software-intensive embedded systems;No;Rather agile;Good
1062;10;Business information systems;No;Agile;0
1064;40;Other (please specify);Yes;Plan-driven;neutral
1065;7;Business information systems;No;Hybrid;Good
1066;100;Software-intensive embedded systems;Yes;Rather plan-driven;Bad
1069;5;Business information systems;No;Hybrid;neutral
1070;10;Business information systems;No;Agile;Good
1076;10;Hybrid of both software-intensive embedded systems and business information systems;Yes;Rather agile;Good
1079;11;Business information systems;No;Hybrid;Good
1080;2;Business information systems;No;Rather agile;Good
1082;6;Business information systems;No;Rather agile;Good
1091;7;Business information systems;No;Rather agile;Very good
1097;200;Business information systems;Yes;Rather agile;Good
1098;20;Business information systems;No;Rather agile;Good
1100;40;Business information systems;No;Agile;Very good
1101;10;Business information systems;Yes;Hybrid;Good
1105;19;Hybrid of both software-intensive embedded systems and business information systems;Yes;Plan-driven;Good
1111;60;Hybrid of both software-intensive embedded systems and business information systems;No;Hybrid;Good
1114;6;Business information systems;No;Plan-driven;Good
1115;30;Business information systems;I don't know;Hybrid;neutral
1118;50;Software-intensive embedded systems;Yes;Rather agile;Good
1122;10;Business information systems;No;Agile;Bad
1124;25;Business information systems;Yes;Rather plan-driven;Good
1126;20;Business information systems;No;Hybrid;Very good
1129;30;Business information systems;Yes;Rather plan-driven;neutral
1139;15;Software-intensive embedded systems;No;Rather agile;Good
1140;3;Software-intensive embedded systems;No;Rather agile;neutral
1141;50;Business information systems;No;Rather agile;Good
1159;3;Business information systems;No;Hybrid;Good
1161;8;Hybrid of both software-intensive embedded systems and business information systems;Yes;Hybrid;Very good
1163;4;Software-intensive embedded systems;Yes;Rather agile;Good
1164;2;Business information systems;Yes;Agile;Good
1165;5;Hybrid of both software-intensive embedded systems and business information systems;Yes;Rather plan-driven;Good
1166;3;Software-intensive embedded systems;No;Rather plan-driven;Good
1167;12;Hybrid of both software-intensive embedded systems and business information systems;No;Rather plan-driven;neutral
1168;4;Hybrid of both software-intensive embedded systems and business information systems;Yes;Agile;Good
1171;5;Business information systems;No;Agile;Very good
1172;5;Business information systems;Yes;Rather plan-driven;Very good
1181;35;Hybrid of both software-intensive embedded systems and business information systems;Yes;Hybrid;Good
1184;30;Software-intensive embedded systems;No;Rather agile;Very good
1187;20;Business information systems;Yes;Agile;Good
1188;20;Business information systems;No;Hybrid;Very good
1189;10;Software-intensive embedded systems;Yes;Rather plan-driven;Good
1190;10;Business information systems;Yes;Hybrid;Very good
1194;80;Hybrid of both software-intensive embedded systems and business information systems;Yes;Rather agile;Very good
1200;2;Business information systems;No;Hybrid;Very good
1204;15;Business information systems;No;Hybrid;neutral
1207;15;Business information systems;Yes;Hybrid;Good
1214;10;Software-intensive embedded systems;No;Hybrid;Very good
1220;4;Software-intensive embedded systems;No;Agile;neutral
1221;6;Hybrid of both software-intensive embedded systems and business information systems;No;Rather agile;Good
1222;1;Business information systems;Yes;Hybrid;Good
1223;7;Hybrid of both software-intensive embedded systems and business information systems;No;Rather plan-driven;neutral
1224;14;Hybrid of both software-intensive embedded systems and business information systems;Yes;Agile;Good
1225;4;Hybrid of both software-intensive embedded systems and business information systems;No;Plan-driven;neutral
1226;10;Business information systems;No;Rather plan-driven;neutral
1227;6;Business information systems;Yes;Rather plan-driven;Very good
1228;30;Hybrid of both software-intensive embedded systems and business information systems;Yes;Agile;Very good
1229;8;Other (please specify);Yes;Agile;Very good
1236;20;Business information systems;No;Rather agile;0
1238;6;Software-intensive embedded systems;Yes;Agile;neutral
1239;70;Business information systems;Yes;Rather agile;neutral
1255;9;Other (please specify);No;Agile;Very good
1262;6;Business information systems;No;Rather agile;Very good
1266;2;Business information systems;Yes;Hybrid;Good
1273;30;Business information systems;No;Rather plan-driven;neutral
1275;5;Hybrid of both software-intensive embedded systems and business information systems;Yes;Hybrid;Good
1279;10;Business information systems;No;Hybrid;Good
1283;10;Business information systems;Yes;Hybrid;Good
1284;10;Software-intensive embedded systems;Yes;Hybrid;Good
1288;6;Software-intensive embedded systems;Yes;Rather agile;0
1289;20;Business information systems;Yes;Hybrid;Good
1290;4;Software-intensive embedded systems;No;Hybrid;Bad
1291;10;Hybrid of both software-intensive embedded systems and business information systems;Yes;Rather agile;neutral
1296;5;Business information systems;No;Rather agile;Good
1316;15;Business information systems;Yes;Rather agile;Good
1321;7;Software-intensive embedded systems;I don't know;Agile;0
1327;8;Business information systems;Yes;Hybrid;Good
1329;10;Other (please specify);Yes;Rather agile;0
1331;6;Business information systems;No;Rather agile;Very good
1339;5;Business information systems;No;Rather plan-driven;Very good
1340;100;Hybrid of both software-intensive embedded systems and business information systems;No;Agile;neutral
1341;50;Hybrid of both software-intensive embedded systems and business information systems;Yes;Hybrid;Good
1343;45;Software-intensive embedded systems;No;Hybrid;Good
1344;160;Hybrid of both software-intensive embedded systems and business information systems;No;Agile;neutral
1347;7;Software-intensive embedded systems;No;Agile;0
1348;5;Business information systems;Yes;Hybrid;Very good
1349;6;Business information systems;No;Hybrid;Very good
1350;50;Business information systems;Yes;Hybrid;Good
1351;4;Business information systems;Yes;Hybrid;Good
1352;6;Other (please specify);Yes;Hybrid;Very good
1353;6;Business information systems;No;Rather plan-driven;Good
1354;15;Hybrid of both software-intensive embedded systems and business information systems;Yes;Agile;Good
1355;5;Software-intensive embedded systems;No;Agile;Very good
1356;4;Business information systems;Yes;Hybrid;Good
1357;4;Hybrid of both software-intensive embedded systems and business information systems;Yes;Rather agile;Very good
1358;3;Business information systems;Yes;Rather agile;neutral
1359;4;Business information systems;No;Hybrid;neutral
1360;3;Business information systems;No;Rather plan-driven;Very good
1376;5;Business information systems;No;Rather agile;Good
1383;80;Software-intensive embedded systems;Yes;Agile;Very good
1384;4;Business information systems;No;Plan-driven;Good
1398;4;Software-intensive embedded systems;Yes;Rather plan-driven;Very good
1402;8;Business information systems;Yes;Rather agile;Very good
1403;2;Business information systems;No;Rather plan-driven;neutral
1406;400;Software-intensive embedded systems;Yes;Rather agile;Good
1408;6;Hybrid of both software-intensive embedded systems and business information systems;No;Rather agile;Good
1411;15;Business information systems;No;Rather agile;Good
1413;17;Software-intensive embedded systems;Yes;Rather agile;Good
1415;7;Hybrid of both software-intensive embedded systems and business information systems;Yes;Rather plan-driven;Very good
1416;3;Other (please specify);Yes;Hybrid;Very good
1417;4;Software-intensive embedded systems;No;Plan-driven;Good
1419;8;Software-intensive embedded systems;No;Plan-driven;Very bad
1422;10;Business information systems;No;Plan-driven;neutral
1423;6;Hybrid of both software-intensive embedded systems and business information systems;Yes;Rather agile;Good
1424;10;Software-intensive embedded systems;Yes;Hybrid;Very good
1425;8;Business information systems;No;Hybrid;Good
1426;40;Business information systems;No;Hybrid;Very good
1428;5;Hybrid of both software-intensive embedded systems and business information systems;Yes;Rather agile;Good
1433;20;Business information systems;Yes;Hybrid;Good
1435;7;Hybrid of both software-intensive embedded systems and business information systems;No;Hybrid;Very good
1441;50;Business information systems;Yes;Plan-driven;Very good
1449;8;Other (please specify);I don't know;Hybrid;Good
1454;12;Business information systems;Yes;Hybrid;Good
1455;65;Business information systems;Yes;Hybrid;Good
1457;5;Hybrid of both software-intensive embedded systems and business information systems;Yes;Rather plan-driven;Very good
1458;3;Business information systems;Yes;Agile;neutral
1459;4;Hybrid of both software-intensive embedded systems and business information systems;Yes;Hybrid;Very good
1460;12;Hybrid of both software-intensive embedded systems and business information systems;Yes;Rather plan-driven;Good
1461;6;Software-intensive embedded systems;Yes;Hybrid;Good
1462;4;Software-intensive embedded systems;No;Hybrid;Very good
1466;8;Business information systems;No;Agile;Good
1467;20;Software-intensive embedded systems;Yes;Rather agile;Good
1473;8;Business information systems;No;Hybrid;Good
1474;14;Hybrid of both software-intensive embedded systems and business information systems;I don't know;Plan-driven;Very good
1477;5;Other (please specify);Yes;Hybrid;Good
1482;50;Hybrid of both software-intensive embedded systems and business information systems;Yes;Hybrid;Good
1483;5;Software-intensive embedded systems;I don't know;0;Good
1484;6;Business information systems;Yes;Plan-driven;Good
1485;6;Business information systems;Yes;Plan-driven;Good
1486;2;Software-intensive embedded systems;No;Agile;Good
1487;9;Hybrid of both software-intensive embedded systems and business information systems;Yes;Rather agile;Very good
1526;18;Business information systems;No;Agile;Very good
1542;30;Other (please specify);Yes;Hybrid;neutral
1560;15;Hybrid of both software-intensive embedded systems and business information systems;No;Hybrid;Good
1617;30;Business information systems;No;Rather agile;neutral
1618;30;Other (please specify);Yes;Rather agile;Good
1620;50;Hybrid of both software-intensive embedded systems and business information systems;Yes;Hybrid;Good
1621;20;Hybrid of both software-intensive embedded systems and business information systems;Yes;Rather plan-driven;neutral
1624;6;Software-intensive embedded systems;No;Rather agile;Good
1633;120;Business information systems;Yes;Hybrid;Good
1645;4;Business information systems;No;Rather agile;Very good
1650;14;Business information systems;No;Agile;Very good
1651;10;Business information systems;No;Agile;Good
1663;20;Business information systems;Yes;Hybrid;Good
1665;20;Business information systems;Yes;Hybrid;Bad
1666;10;Business information systems;Yes;Rather plan-driven;Bad
1667;20;Business information systems;Yes;Agile;Good
1668;60;Business information systems;Yes;Rather plan-driven;Good
1669;50;Business information systems;No;Rather plan-driven;Good
1670;60;Business information systems;Yes;Rather plan-driven;Good
1675;7;Business information systems;No;Rather agile;Very good
1676;6;Other (please specify);No;Agile;Good
1688;10;Business information systems;Yes;Hybrid;0
1690;7;Business information systems;Yes;Rather plan-driven;Good
1695;3;Business information systems;Yes;Rather plan-driven;Very good
1697;20;Hybrid of both software-intensive embedded systems and business information systems;Yes;Hybrid;Very good
1698;8;Business information systems;No;Plan-driven;Good
1699;6;Hybrid of both software-intensive embedded systems and business information systems;Yes;Hybrid;Good
1700;10;Hybrid of both software-intensive embedded systems and business information systems;Yes;Agile;Very good
1703;8;Business information systems;Yes;Hybrid;Very good
1705;4;Business information systems;Yes;Plan-driven;Very good
1715;6;Business information systems;Yes;Hybrid;Good
1717;4;Hybrid of both software-intensive embedded systems and business information systems;Yes;Hybrid;Very good
1718;50;Software-intensive embedded systems;Yes;Hybrid;neutral
1723;4;Software-intensive embedded systems;Yes;Hybrid;Very good
1727;5;Business information systems;Yes;Plan-driven;Good
1733;2;Software-intensive embedded systems;No;Rather agile;Good
1741;60;Business information systems;Yes;Agile;Good
1742;5;Business information systems;No;Rather agile;Good
1744;5;Business information systems;No;Plan-driven;neutral
1751;3;Business information systems;Yes;Hybrid;Good
1753;10;Software-intensive embedded systems;No;Agile;Very good
1755;40;Software-intensive embedded systems;Yes;Rather agile;Good
1756;8;Business information systems;No;Rather agile;Very good
1759;2;Business information systems;No;Rather agile;Very good
1761;1;Hybrid of both software-intensive embedded systems and business information systems;Yes;Hybrid;Good
1762;40;Business information systems;Yes;Plan-driven;0
1763;150;Software-intensive embedded systems;Yes;Rather agile;Very good
1767;7;Business information systems;No;Hybrid;Good
1791;20;Business information systems;No;Plan-driven;neutral
1804;3;Hybrid of both software-intensive embedded systems and business information systems;Yes;Plan-driven;0
1805;4;Hybrid of both software-intensive embedded systems and business information systems;Yes;Hybrid;Good
1810;80;Business information systems;Yes;Rather agile;Good
1812;6;Business information systems;No;Hybrid;Good
1820;150;Hybrid of both software-intensive embedded systems and business information systems;Yes;Plan-driven;neutral
1828;2;Hybrid of both software-intensive embedded systems and business information systems;No;Hybrid;0
1831;10;Business information systems;I don't know;Hybrid;Good
1840;20;Hybrid of both software-intensive embedded systems and business information systems;No;Rather agile;Good
1842;40;Business information systems;No;Agile;Very good
1844;9;Business information systems;No;Hybrid;0
1849;9;Software-intensive embedded systems;No;Rather agile;Very good
1859;5;Hybrid of both software-intensive embedded systems and business information systems;No;Plan-driven;neutral
1861;50;Other (please specify);Yes;Hybrid;Good
1862;5;Software-intensive embedded systems;No;Hybrid;Good
1894;10;Business information systems;No;Agile;Very good
1895;6;Business information systems;Yes;Agile;Very good
1896;2;Other (please specify);No;Hybrid;Good
1899;10;Hybrid of both software-intensive embedded systems and business information systems;I don't know;Agile;Good
1909;5;Software-intensive embedded systems;No;Rather agile;Good
1911;15;Business information systems;No;Agile;neutral
1917;24;Hybrid of both software-intensive embedded systems and business information systems;Yes;Agile;Very good
1918;20;Business information systems;No;Rather agile;Good
1922;40;Business information systems;No;Rather plan-driven;Good
1923;7;Business information systems;Yes;Agile;Very good
1928;6;Hybrid of both software-intensive embedded systems and business information systems;Yes;Rather agile;neutral
1929;20;Business information systems;Yes;Rather agile;Good
1931;10;Business information systems;No;Agile;Very good
1932;3;Business information systems;No;Rather plan-driven;Good
1933;12;Software-intensive embedded systems;Yes;Rather plan-driven;neutral
1941;20;Business information systems;No;Agile;Good
1957;8;Hybrid of both software-intensive embedded systems and business information systems;Yes;Hybrid;neutral
1961;15;Business information systems;No;Rather agile;neutral
1962;8;Business information systems;No;Agile;Good
1963;10;Business information systems;No;Rather agile;Very good
1965;10;Business information systems;No;Hybrid;Good
1969;30;Hybrid of both software-intensive embedded systems and business information systems;Yes;Hybrid;Good
